return_on_equity_pct,debt_to_equity,revenue_cagr_5yr,free_cash_flow,operating_profit_margin_pct,cluster
21.819097419053932,0.5453876819688741,11.373941087048259,5948.999999999998,20.205113868131242,0
26.448839324226185,5.443235645740042,18.020356445143467,-59955.714285714275,43.22270469353562,1
74.03945883638465,0.6572150604400332,13.333650097233928,7610.200000000001,81.02931452210181,2
4280.315266810242,0.5649976070830343,9.731677461059828,274.4999999999999,28.50509624083592,3
15.092961045379255,8.796756196377068,19.892192864917646,2060.9999999999986,56.89900107549451,4
